{
  "overall": {
    "accuracy": 0.5,
    "precision": 0.7125,
    "recall": 0.5,
    "f1_score": 0.5399999999999999,
    "mae": 1.2,
    "mse": 3.9,
    "adjusted_accuracy": 0.65,
    "adjusted_precision": 0.7775000000000001,
    "adjusted_recall": 0.65,
    "adjusted_f1": 0.6738095238095239,
    "quadratic_kappa": 0.25358851674641136
  },
  "by_class": {
    "0": {
      "precision": 0.75,
      "recall": 0.6,
      "f1-score": 0.6666666666666666,
      "support": 5.0
    },
    "1": {
      "precision": 1.0,
      "recall": 0.5,
      "f1-score": 0.6666666666666666,
      "support": 2.0
    },
    "2": {
      "precision": 0.25,
      "recall": 1.0,
      "f1-score": 0.4,
      "support": 2.0
    },
    "3": {
      "precision": 0.5,
      "recall": 0.25,
      "f1-score": 0.3333333333333333,
      "support": 4.0
    },
    "4": {
      "precision": 1.0,
      "recall": 0.5,
      "f1-score": 0.6666666666666666,
      "support": 6.0
    },
    "5": {
      "precision": 0.0,
      "recall": 0.0,
      "f1-score": 0.0,
      "support": 1.0
    },
    "accuracy": 0.5,
    "macro avg": {
      "precision": 0.5833333333333334,
      "recall": 0.47500000000000003,
      "f1-score": 0.45555555555555555,
      "support": 20.0
    },
    "weighted avg": {
      "precision": 0.7125,
      "recall": 0.5,
      "f1-score": 0.5399999999999999,
      "support": 20.0
    }
  }
}